终端编号,软件版本,硬件版本,电源电压,供电电压（mv）,备用电池电压(mv),经度,纬度,定位状态,上报时间,接收时间
YXZ4121907200151,17.17,2,0,25100,4000,118.827381,36.73831,GPS已定位,2020/2/10 11:28,2020/2/10 11:28
YXZ4121907200250,16.16,2,0,0,0,118.827647,36.738212,GPS已定位,2020/2/28 15:20,2020/2/28 15:20
YXZ4121809272523,16.17,2,0,24500,4000,118.826962,36.738454,GPS未定位,2020/1/18 21:55,2020/1/18 21:55
YXZ4121809272088,15.16,2,26,0,0,115.906392,31.867411,GPS已定位,2020/2/6 16:57,2020/2/6 16:57
YXZ4121809272942,17.17,2,0,4700,4000,121.14986,31.686828,GPS已定位,2020/1/31 21:18,2020/1/31 21:19
YXZ4121907200388,16.17,2,0,24700,4000,118.827296,36.738999,GPS已定位,2020/2/25 8:10,2020/2/25 8:10
YXZ4121809272850,16.16,2,0,0,0,115.950966,39.248619,GPS已定位,2019/12/21 19:25,2019/12/21 19:25
YXZ4121907200298,16.16,2,0,0,0,118.827308,36.738277,GPS已定位,2020/2/28 10:48,2020/2/28 10:48
YXZ4121907200281,17.17,2,0,24700,4000,118.827879,36.73854,GPS已定位,2020/1/25 9:58,2020/1/25 9:58
YXZ4121809272948,17.17,2,0,24400,3900,120.122067,30.373505,GPS已定位,2020/2/24 1:55,2020/2/24 1:55
YXZ4121907200348,17.17,2,0,24600,4000,118.826805,36.738095,GPS已定位,2020/1/23 1:39,2020/1/23 1:39
YXZ4121809272886,15.16,2,0,0,0,114.401974,34.082206,GPS已定位,2020/2/28 1:46,2020/2/28 1:46
YXZ4121907200324,16.16,2,0,0,0,112.886669,30.457345,GPS已定位,2020/2/28 10:53,2020/2/28 10:53
YXZ4121809272336,15.16,2,27.1,0,0,0.022254,0.010021,GPS未定位,2020/1/29 2:58,2020/1/29 2:57
YXZ4121809272584,15.16,2,0,0,0,112.321627,30.358464,GPS已定位,2019/9/14 4:21,2019/9/14 4:21
YX14141809200127,14.16,2,0,0,0,116.41351,32.848012,GPS未定位,2020/2/25 13:53,2020/2/25 13:53
tsjh705719020011,2.2,1,0,,,116.299211,40.081276,GPS已定位,2019/2/25 15:30,2019/2/25 15:30
YXZ4121907200217,16.16,2,0,0,0,109.052838,34.704328,GPS已定位,2020/1/20 16:03,2020/1/20 16:03
YXZ4121907200202,16.17,2,0,24600,4000,118.827779,36.738514,GPS已定位,2020/1/19 19:41,2020/1/19 19:42
YXZ4121907200022,16.16,2,0,0,0,118.827561,36.740169,GPS已定位,2020/2/28 9:57,2020/2/28 9:58
YXZ4121809272997,17.17,2,0,400,3600,116.358311,32.772129,GPS已定位,2020/1/27 17:00,2020/1/27 17:00
YXZ4121907200327,16.17,2,0,24600,4000,118.827487,36.73858,GPS已定位,2020/1/18 22:52,2020/1/18 22:52
YXZ4121907200382,16.16,2,0,0,0,116.134193,39.875923,GPS已定位,2020/2/28 13:01,2020/2/28 13:01
YXZ4121809272614,17.17,2,0,24800,4000,114.511366,30.707262,GPS未定位,2020/2/25 13:17,2020/2/25 13:17
YXZ4121907200075,17.17,2,0,24100,3900,118.827261,36.739018,GPS已定位,2020/2/16 2:50,2020/2/16 2:50
YXZ4121907200118,16.17,2,0,24500,4000,118.827468,36.738167,GPS未定位,2020/1/19 7:14,2020/1/19 7:15
YXZ4121907200040,16.16,2,26.9,0,0,118.8268,36.738646,GPS已定位,2020/1/20 14:00,2020/1/20 14:00
YXZ4121809272943,16.17,2,0,24200,3900,118.828088,36.738469,GPS已定位,2020/1/18 3:30,2020/1/18 3:31
YXZ4121907200320,17.17,2,0,24500,4000,118.82751,36.738235,GPS已定位,2020/1/21 1:26,2020/1/21 1:26
tsjh705718100007,2.2,1,14.3,,,103.726191,36.075503,GPS未定位,2020/1/5 15:51,2020/1/5 15:51
tsjh705719020020,2.2,1,0,,,116.299206,40.081265,GPS未定位,2019/8/6 15:26,2019/8/6 15:42
YXZ4121809272537,16.17,2,0,25300,4000,119.742883,34.321719,GPS已定位,2020/1/19 18:00,2020/1/19 18:00
YXZ4121907200301,16.16,2,0,0,0,118.827261,36.738899,GPS已定位,2020/1/20 14:55,2020/1/20 14:55
YXZ4121907200322,16.17,2,0,24700,4000,118.827099,36.738848,GPS已定位,2020/1/18 11:04,2020/1/18 11:04
tsjh705719020019,2.2,1,0,,,116.299195,40.081276,GPS已定位,2019/8/6 15:54,2019/8/6 15:54
YXZ4121907200027,16.16,2,0,0,0,118.826908,36.738536,GPS已定位,2020/1/20 15:48,2020/1/20 15:48
YXZ4121809272783,15.16,2,0,0,0,116.202718,40.2238,GPS未定位,2019/10/1 14:22,2019/10/1 14:22
YXZ4121809272132,16.17,2,28.3,25200,4000,117.838311,38.328422,GPS已定位,2020/1/27 17:49,2020/1/27 17:50
YXZ4121907200351,16.16,2,0,0,0,118.826967,36.73834,GPS已定位,2020/2/28 11:34,2020/2/28 11:35
YXZ4121907200257,16.16,2,0,0,0,118.828049,36.738673,GPS已定位,2020/1/20 14:55,2020/1/20 14:55
YXZ4121809272925,16.16,2,0,0,0,103.913844,27.346951,GPS已定位,2019/11/8 20:04,2019/11/8 20:04
YXZ4121809272456,16.17,2,0,400,3600,113.358138,33.751625,GPS已定位,2020/1/19 14:37,2020/1/19 14:38
YXZ4121907200058,16.17,2,0,24700,4000,114.07679,30.62564,GPS已定位,2020/1/21 4:49,2020/1/21 4:49
YXZ4121809272501,17.17,2,0,24500,4000,115.903154,32.279661,GPS已定位,2020/2/7 8:52,2020/2/7 8:52
YXZ4121907200117,17.17,2,0,24400,4000,118.827372,36.738132,GPS已定位,2020/2/8 7:21,2020/2/8 7:21
YXZ4121809272010,15.16,2,25.3,0,0,103.822411,25.549902,GPS已定位,2020/1/1 8:59,2020/1/1 8:59
YXZ4121809272542,15.16,2,27.5,0,0,116.114389,39.478631,GPS已定位,2020/2/28 15:38,2020/2/28 15:38
YXZ4121809272129,15.16,2,0,0,0,99.180024,22.180512,GPS已定位,2020/2/25 14:50,2020/2/25 14:50
YXZ4121809272122,16.17,2,28.2,25100,4000,107.918472,34.49572,GPS已定位,2020/1/18 20:35,2020/1/18 20:36
YXZ4121907200390,16.17,2,0,24900,4000,118.826793,36.738764,GPS已定位,2020/1/21 17:08,2020/1/21 17:08
YXZ4121809272242,17.17,2,0,24600,4000,118.826951,36.738673,GPS已定位,2020/2/17 13:18,2020/2/17 13:18
YXZ4121907200308,17.17,2,25.1,24500,4100,118.827946,36.740136,GPS已定位,2020/2/28 15:40,2020/2/28 15:40
YXZ4121809272536,15.16,2,26.7,0,0,113.722858,31.056877,GPS已定位,2020/2/18 10:44,2020/2/18 10:44
YXZ4121809272467,15.16,2,26.7,0,0,113.65687,30.922519,GPS未定位,2020/1/24 5:35,2020/1/24 5:34
YXZ4121809272197,17.17,2,0,24400,3900,106.651993,29.746959,GPS已定位,2020/1/31 10:34,2020/1/31 10:34
YXZ4121907200260,17.17,2,0,25000,4100,118.827376,36.738489,GPS已定位,2020/1/19 17:33,2020/1/19 17:34
YXZ4121907200222,16.16,2,0,0,0,118.828047,36.738306,GPS已定位,2020/2/28 13:34,2020/2/28 13:34
YXZ4121809272417,16.17,2,0,25200,4000,117.839944,38.326719,GPS已定位,2020/1/18 19:00,2020/1/18 19:00
YXZ4121809272889,15.16,2,0,0,0,106.388103,38.321256,GPS未定位,2020/1/14 19:11,2020/1/14 19:11
YXZ4121907200105,17.17,2,0,24600,4000,118.827167,36.738779,GPS已定位,2020/1/18 5:47,2020/1/18 5:47
YXZ4121907200258,17.17,2,0,24500,4000,118.827963,36.738034,GPS已定位,2020/1/19 22:11,2020/1/19 22:11
YXZ4121907200113,17.17,2,0,24500,4000,118.827753,36.738157,GPS已定位,2020/1/26 4:13,2020/1/26 4:13
YXZ4121809272276,15.16,2,25.3,0,0,113.721447,32.618148,GPS已定位,2020/2/12 7:02,2020/2/12 7:02
YXZ4121907200420,16.16,2,0,0,0,115.817173,38.87754,GPS已定位,2020/2/28 10:46,2020/2/28 10:46
YXZ4121907200081,17.17,2,0,24800,4000,118.827159,36.738567,GPS已定位,2020/2/12 9:40,2020/2/12 9:40
tsjh705718100019,2.2,1,14.4,,,117.139728,36.154778,GPS已定位,2020/2/13 8:56,2020/2/13 8:56
YXZ4121809272690,16.17,2,0,24400,4000,118.827106,36.738743,GPS已定位,2020/1/19 22:48,2020/1/19 22:49
YXZ4121907200197,17.17,2,0,24200,4100,118.826927,36.73866,GPS已定位,2020/1/21 10:43,2020/1/21 10:43
tsjh705718120045,2.2,1,14.3,,,108.843824,34.293476,GPS未定位,2020/1/18 11:24,2020/1/18 11:24
YXZ4121907200331,16.16,2,0,0,0,118.82756,36.73894,GPS已定位,2020/2/28 15:40,2020/2/28 15:40
YXZ4121809272640,15.16,2,27.4,0,0,113.948088,30.327301,GPS未定位,2020/1/29 3:24,2020/1/29 3:24
YXZ4121907200355,16.16,2,0,0,0,118.828087,36.738344,GPS已定位,2020/2/28 13:34,2020/2/28 13:34
YXZ4121907200148,16.16,2,0,0,0,118.827796,36.738704,GPS已定位,2020/1/20 15:51,2020/1/20 15:51
YXZ4121809272570,15.16,2,0,0,0,119.959502,36.341268,GPS已定位,2020/2/23 23:13,2020/2/23 23:13
YXZ4121907200265,17.17,2,0,24400,4000,118.826616,36.738131,GPS已定位,2020/1/23 23:13,2020/1/23 23:13
YXZ4121907200302,16.17,2,28.4,24500,4000,118.824667,36.738073,GPS已定位,2020/1/18 8:13,2020/1/18 8:13
YXZ4121907200056,16.17,2,0,24300,3900,118.82725,36.738107,GPS未定位,2020/1/19 7:04,2020/1/19 7:05
YXZ4121809272897,15.16,2,27.3,0,0,114.29881,30.436381,GPS未定位,2020/1/31 20:35,2020/1/31 20:35
YXZ4121809272968,16.17,2,0,24600,4000,118.827019,36.73812,GPS已定位,2020/1/18 21:39,2020/1/18 21:39
YXZ4121809272752,16.17,2,0,24400,4000,117.813495,38.277625,GPS已定位,2020/1/19 7:35,2020/1/19 7:36
YXZ4121809272109,15.16,2,0,0,0,86.156968,41.783509,GPS已定位,2020/1/6 18:06,2020/1/6 18:06
YXZ4121907200163,16.17,2,0,24800,4000,118.827636,36.740486,GPS已定位,2020/1/18 3:51,2020/1/18 3:52
YXZ4121907200209,16.17,2,0,24000,4000,115.823719,39.060374,GPS已定位,2020/2/25 1:10,2020/2/25 1:10
YXZ4121907200080,16.17,2,0,24500,4000,118.827431,36.740285,GPS已定位,2020/2/24 10:58,2020/2/24 10:59
YXZ4121907200010,16.16,2,0,0,0,118.826833,36.738792,GPS已定位,2020/2/28 14:05,2020/2/28 14:05
YXZ4121809272931,16.17,2,0,24300,3900,120.016759,36.195593,GPS未定位,2020/1/20 19:56,2020/1/20 19:56
YXZ4121809272566,15.16,2,0,0,0,112.974888,39.824337,GPS已定位,2019/11/14 18:08,2019/11/14 18:08
YXZ4121809272002,16.16,2,0,0,0,101.756148,36.881006,GPS已定位,2020/1/6 9:29,2020/1/6 9:29
YXZ4121809272648,15.16,2,0,0,0,113.212217,40.092044,GPS已定位,2020/2/14 9:17,2020/2/14 9:17
YXZ4121809272786,15.16,2,0,0,0,112.426851,33.338958,GPS未定位,2020/1/31 18:32,2020/1/31 18:32
YXZ4121907200384,16.16,2,0,0,0,118.827608,36.738937,GPS已定位,2020/2/28 14:03,2020/2/28 14:03
YXZ4121907200090,16.17,2,0,24800,4000,120.598932,32.284878,GPS已定位,2020/2/22 14:12,2020/2/22 14:12
YXZ4121907200429,17.17,2,0,24600,4000,118.828069,36.738072,GPS已定位,2020/1/20 18:54,2020/1/20 18:54
YXZ4121809272433,17.17,2,0,24800,3900,115.328999,39.311177,GPS已定位,2020/1/22 17:46,2020/1/22 17:46
tsjh705718120046,2.2,1,14.3,,,111.201941,35.637003,GPS已定位,2020/2/28 12:51,2020/2/28 12:51
YXZ4121809272921,16.17,2,0,24600,4000,114.076914,30.625784,GPS已定位,2020/1/18 11:11,2020/1/18 11:11
YXZ4121907200091,17.17,2,0,24300,3900,118.828076,36.73914,GPS已定位,2020/1/20 7:44,2020/1/20 7:44
YXZ4121809272838,15.16,2,0,0,0,115.91005,29.713712,GPS已定位,2019/12/23 1:46,2019/12/23 1:46
YXZ4121809272725,15.16,2,0,0,0,118.83692,36.738639,GPS未定位,2019/8/13 20:19,2019/8/13 20:19
YXZ4121907200325,17.17,2,0,400,3800,118.421603,39.266663,GPS已定位,2020/1/19 16:36,2020/1/19 16:36
YXZ4121809272493,17.17,2,0,23600,3900,115.940792,32.368346,GPS已定位,2020/1/24 6:39,2020/1/24 6:39
YXZ4121907200170,17.17,2,0,24600,4000,118.826837,36.738319,GPS已定位,2020/1/29 13:40,2020/1/29 13:40
YXZ4121907200278,16.16,2,0,0,0,120.01096,30.403109,GPS已定位,2020/2/28 10:23,2020/2/28 10:23
tsjh705719020002,2.2,1,14.2,,,117.139718,36.154808,GPS已定位,2020/2/13 10:51,2020/2/13 10:51
YXZ4121809272306,14.14,2,0,0,0,116.304993,40.038173,GPS未定位,2020/2/18 19:18,2020/2/18 19:19
YXZ4121809272624,17.17,2,0,24600,4000,114.163144,32.791693,GPS已定位,2020/1/28 18:20,2020/1/28 18:20
YXZ4121907200267,16.16,2,0,0,0,115.69189,39.444514,GPS已定位,2020/1/20 12:31,2020/1/20 12:31
YXZ4121907200269,16.16,2,0,0,0,118.827173,36.738724,GPS已定位,2020/2/28 10:36,2020/2/28 10:36
YXZ4121809272712,15.16,2,26.4,0,0,116.057019,40.188047,GPS已定位,2020/2/28 11:43,2020/2/28 11:43
YXZ4121907200137,17.17,2,0,24500,4000,118.827634,36.738081,GPS已定位,2020/1/20 13:36,2020/1/20 13:36
YXZ4121809272962,16.17,2,0,24300,4000,116.931708,35.374616,GPS已定位,2020/2/3 10:31,2020/2/3 10:32
tsjh705719020004,2.2,1,14.3,,,117.139699,36.15472,GPS已定位,2020/2/21 13:51,2020/2/21 13:51
YXZ4121809272183,17.17,2,0,24500,4000,114.050596,31.337746,GPS已定位,2020/1/24 22:16,2020/1/24 22:16
YXZ4121907200014,17.17,2,0,24900,4100,118.826954,36.738052,GPS已定位,2020/1/24 14:50,2020/1/24 14:50
YXZ4121907200199,16.17,2,28.1,25000,4100,114.34375,32.992675,GPS已定位,2020/1/20 20:14,2020/1/20 20:15
YXZ4121907200007,16.16,2,0,0,0,115.65439,39.382269,GPS已定位,2020/1/20 16:17,2020/1/20 16:17
YXZ4121907200315,16.17,2,0,24300,3900,118.827139,36.738282,GPS已定位,2020/1/20 9:24,2020/1/20 9:25
YXZ4121809272495,15.16,2,0,0,0,112.867459,32.649613,GPS已定位,2020/1/23 13:42,2020/1/23 13:42
YXZ4121907200236,16.17,2,0,24700,4000,118.834753,36.737959,GPS已定位,2020/2/28 10:31,2020/2/28 10:31
YXZ4121809272957,17.17,2,0,24400,4000,114.07705,30.625535,GPS已定位,2020/1/23 1:12,2020/1/23 1:12
YXZ4121907200255,16.17,2,0,25100,4100,115.634849,39.379819,GPS已定位,2020/2/28 10:27,2020/2/28 10:27
YXZ4121809272546,15.16,2,27.1,0,0,90.927413,29.28962,GPS已定位,2020/2/20 18:22,2020/2/20 18:22
YXZ4121809272186,16.17,2,28.2,25100,4000,118.674003,40.58875,GPS未定位,2020/2/7 17:20,2020/2/7 17:21
YXZ4121907200139,16.17,2,0,24500,4000,118.827243,36.73834,GPS未定位,2020/1/18 22:53,2020/1/18 22:53
YXZ4121907200153,17.17,2,0,24800,4000,118.827407,36.738738,GPS已定位,2020/2/24 8:31,2020/2/24 8:31
YXZ4121809272914,15.16,2,0,0,0,103.706491,35.774367,GPS已定位,2020/2/7 16:13,2020/2/7 16:13
YXZ4121907200286,16.17,2,0,24500,4000,118.827982,36.738747,GPS已定位,2020/1/22 7:47,2020/1/22 7:48
YXZ4121907200215,16.17,2,0,24500,4000,118.827757,36.740172,GPS未定位,2020/2/28 15:27,2020/2/28 15:28
tsjh705719020017,2.2,1,0,,,116.299216,40.08123,GPS已定位,2019/2/25 15:45,2019/2/25 15:45
YXZ4121809272952,17.17,2,0,24900,4100,114.076584,30.625792,GPS已定位,2020/1/22 18:34,2020/1/22 18:34
tsjh605718000046,2.2,1,14.1,,,110.743208,34.687058,GPS已定位,2020/1/7 13:50,2020/1/7 13:50
YXZ4121809272615,16.17,2,0,25400,3900,112.160491,30.335897,GPS已定位,2020/1/19 17:54,2020/1/19 17:54
YXZ4121809272737,17.17,2,0,24700,4000,113.358302,24.184705,GPS已定位,2020/1/18 14:31,2020/1/18 14:31
YXZ4121907200063,16.17,2,0,24300,3900,118.827729,36.738914,GPS已定位,2020/1/19 7:51,2020/1/19 7:51
YXZ4121809272482,16.17,2,28.3,25100,4000,103.015607,37.030196,GPS已定位,2020/1/18 4:34,2020/1/18 4:36
tsjh705718080005,2.2,1,13.7,,,110.932761,22.741153,GPS已定位,2020/2/21 11:38,2020/2/21 11:38
YXZ4121809272314,15.16,2,0,0,0,113.358282,33.75165,GPS未定位,2020/1/19 21:56,2020/1/19 21:56
YXZ4121907200500,17.17,2,0,24700,4000,118.828015,36.738103,GPS已定位,2020/1/26 18:52,2020/1/26 18:52
YXZ4121809272625,16.17,2,0,24600,4000,117.692019,32.502155,GPS已定位,2020/1/19 10:22,2020/1/19 10:22
YX14141809200125,14.14,2,0,0,0,0,0,GPS未定位,2018/9/19 6:02,2018/9/19 6:02
YXZ4121809272967,16.17,2,0,24800,4000,118.827814,36.738802,GPS已定位,2020/2/25 2:01,2020/2/25 2:01
YXZ4121809272594,15.16,2,0,0,0,88.844267,29.247667,GPS已定位,2020/1/2 19:50,2020/1/2 19:50
YXZ4121809272787,16.17,2,0,24000,4000,112.450426,33.020505,GPS未定位,2020/1/27 9:32,2020/1/27 9:35
YXZ4121907200173,16.16,2,0,0,0,118.826752,36.738567,GPS已定位,2020/2/28 10:30,2020/2/28 10:30
YXZ4121809272165,15.16,2,0,0,0,116.931992,35.373547,GPS已定位,2020/2/4 20:35,2020/2/4 20:36
YXZ4121907200123,17.17,2,0,24700,4000,104.78024,31.390947,GPS已定位,2020/1/21 20:57,2020/1/21 20:57
YXZ4121907200347,16.16,2,0,0,0,118.827367,36.738867,GPS已定位,2020/2/28 15:37,2020/2/28 15:37
YXZ4121907200252,16.16,2,0,0,0,118.82773,36.738829,GPS已定位,2020/1/20 15:16,2020/1/20 15:16
YXZ4121907200341,17.17,2,0,25000,4100,120.868803,30.843935,GPS已定位,2020/2/28 14:09,2020/2/28 14:09
YXZ4121907200086,17.17,2,0,24100,3900,118.827874,36.738541,GPS已定位,2020/1/19 22:25,2020/1/19 22:25
tsjh705718100008,2.2,1,14.3,,,113.90931,29.733683,GPS已定位,2019/12/20 17:36,2019/12/20 17:36
YXZ4121809272399,17.17,2,0,24500,4000,115.071301,29.882773,GPS已定位,2020/1/25 21:07,2020/1/25 21:07
YXZ4121907200335,16.17,2,0,24500,4000,118.827633,36.738165,GPS已定位,2020/1/18 19:08,2020/1/18 19:09
YXZ4121907200328,16.16,2,0,0,0,118.827632,36.73878,GPS已定位,2020/2/28 14:07,2020/2/28 14:07
YXZ4121907200287,16.16,2,0,0,0,118.828111,36.739124,GPS已定位,2020/2/28 13:05,2020/2/28 13:05
YXZ4121907200155,17.17,2,0,24900,4000,103.589534,36.181891,GPS已定位,2020/2/24 23:06,2020/2/24 23:06
YXZ4121809272674,16.16,2,0,0,0,111.982953,27.765477,GPS已定位,2019/12/29 14:49,2019/12/29 14:49
tsjh605718000002,2.2,1,14.2,,,110.290389,19.9771,GPS已定位,2019/12/30 9:57,2019/12/30 9:57
YXZ4121907200095,17.17,2,0,24300,3900,118.827509,36.738568,GPS已定位,2020/1/31 8:35,2020/1/31 8:35
tsjh605718000007,2.2,1,13.7,,,115.016271,34.778808,GPS已定位,2020/1/26 16:06,2020/1/26 16:31
YXZ4121809272551,15.16,2,27,0,0,120.197326,30.484167,GPS已定位,2020/2/9 15:08,2020/2/9 15:08
YXZ4121809272001,15.15,2,0,0,0,116.8415,33.99102,GPS已定位,2019/5/1 18:19,2019/5/1 18:19
YXZ4121809272253,16.17,2,0,24400,4000,112.99077,28.080378,GPS已定位,2020/2/14 10:50,2020/2/14 10:50
YXZ4121907200194,17.17,2,0,400,3600,120.114026,30.453202,GPS已定位,2020/1/19 17:59,2020/1/19 17:59
YXZ4121809272184,16.17,2,0,24100,3900,118.589769,40.563601,GPS未定位,2020/1/22 2:46,2020/1/22 2:46
YXZ4121809272628,15.16,2,26.1,0,0,110.881594,37.414821,GPS已定位,2020/2/10 22:51,2020/2/10 22:51
YXZ4121809272945,17.17,2,0,24600,4000,119.895186,31.867591,GPS未定位,2020/2/5 21:48,2020/2/5 21:47
tsjh705718110030,2.2,1,0,,,116.299254,40.081298,GPS已定位,2018/11/23 14:55,2018/11/23 14:55
YXZ4121809272883,15.16,2,26.7,0,0,118.835753,36.739743,GPS已定位,2019/8/19 14:10,2019/8/19 14:10
YXZ4121907200306,17.17,2,0,24700,4000,118.8274,36.738297,GPS已定位,2020/1/24 15:58,2020/1/24 15:58
YXZ4121907200491,16.16,2,0,0,0,118.827283,36.73893,GPS已定位,2020/1/20 15:38,2020/1/20 15:38
YXZ4121907200143,16.17,2,0,24700,4000,118.827902,36.738073,GPS未定位,2020/1/21 20:29,2020/1/21 20:29
tsjh705718100018,2.2,1,28.2,,,120.578431,27.79437,GPS未定位,2020/2/2 9:14,2020/2/2 9:14
YXZ4121809272017,15.16,2,26.9,0,0,116.093723,32.740515,GPS已定位,2020/2/25 1:10,2020/2/25 1:10
YXZ4121809272120,15.16,2,0,0,0,116.159716,39.900049,GPS未定位,2020/1/31 20:03,2020/1/31 20:03
YXZ4121907200044,16.17,2,0,24400,4000,118.827359,36.738477,GPS未定位,2020/1/18 5:17,2020/1/18 5:18
YXZ4121907200066,17.17,2,0,24200,3900,118.827913,36.738891,GPS已定位,2020/2/5 22:20,2020/2/5 22:20
YXZ4121809272366,17.17,2,0,24600,4000,116.517773,32.692681,GPS已定位,2020/2/17 11:19,2020/2/17 11:19
YXZ4121809272437,15.16,2,22.8,0,0,115.906246,31.867567,GPS已定位,2019/12/28 15:38,2019/12/28 15:38
YXZ4121907200119,17.17,2,0,24300,3900,118.827024,36.738959,GPS已定位,2020/2/6 2:35,2020/2/6 2:36
tsjh705719020016,2.2,1,0,,,116.299188,40.081276,GPS已定位,2019/2/25 15:48,2019/2/25 15:48
tsjh605718000034,2.2,1,13.8,,,0,0,GPS未定位,2018/6/20 10:57,2018/6/20 10:57
tsjh605718000018,2.2,1,23.5,,,0,0,GPS未定位,2018/6/28 14:21,2018/6/28 14:21
tsjh605718000012,2.2,1,14.2,,,111.29267,37.550246,GPS未定位,2019/7/20 14:06,2019/7/20 14:06
YXZ4121907200381,17.17,2,0,24400,4000,118.828074,36.739097,GPS已定位,2020/1/18 21:57,2020/1/18 21:57
YXZ4121809272388,16.17,2,0,24600,4000,113.223875,29.109185,GPS未定位,2020/1/20 6:00,2020/1/20 6:00
YXZ4121809272694,15.16,2,27.1,0,0,115.329061,39.311345,GPS已定位,2020/1/30 16:49,2020/1/30 16:49
YXZ4121809272977,17.17,2,0,24600,4000,103.671481,27.373161,GPS已定位,2020/1/23 23:08,2020/1/23 23:08
YXZ4121907200043,16.16,2,0,0,0,109.444558,34.488788,GPS已定位,2020/2/28 14:41,2020/2/28 14:41
tsjh605718000019,2.2,1,13.9,,,113.560685,23.157462,GPS已定位,2020/1/14 17:01,2020/1/14 17:01
YXZ4121907200093,17.17,2,0,24600,4000,118.829049,36.740535,GPS已定位,2020/2/2 12:09,2020/2/2 12:09
YXZ4121809272212,16.17,2,0,24400,4000,120.599064,32.284808,GPS已定位,2020/1/20 6:53,2020/1/20 6:53
YXZ4121809272761,16.16,2,28.6,0,0,114.357016,29.804945,GPS已定位,2019/12/31 16:09,2019/12/31 16:09
YXZ4121907200377,17.17,2,0,24600,4000,118.827454,36.738515,GPS已定位,2020/2/7 23:13,2020/2/7 23:13
YXZ4121907200097,17.17,2,25.2,400,3900,115.864901,32.84828,GPS已定位,2020/1/21 10:57,2020/1/21 10:57
YXZ4121907200309,16.17,2,0,24600,4000,118.827247,36.738148,GPS未定位,2020/1/23 12:16,2020/1/23 12:16
YXZ4121809272200,16.17,2,28.6,25100,4000,109.539712,31.049432,GPS未定位,2020/1/18 10:04,2020/1/18 10:05
YXZ4121907200223,16.16,2,0,0,0,118.827099,36.738432,GPS已定位,2020/2/28 10:11,2020/2/28 10:11
YXZ4121907200239,16.16,2,0,0,0,118.827503,36.738517,GPS已定位,2020/2/28 10:26,2020/2/28 10:26
YXZ4121809272936,17.17,2,0,25000,4000,121.900375,29.074476,GPS已定位,2020/1/23 5:37,2020/1/23 5:39
YXZ4121809272029,15.16,2,26.4,0,0,0.022162,0.008507,GPS未定位,2020/1/25 13:52,2020/1/25 13:51
YXZ4121809272771,16.17,2,0,24600,4000,115.99766,32.697581,GPS已定位,2020/2/19 21:17,2020/2/19 21:17
YXZ4121809272298,17.17,2,0,25500,4100,113.732786,31.03899,GPS已定位,2020/2/25 17:46,2020/2/25 17:46
YX14141809200142,14.16,2,25.6,0,0,112.933486,32.624569,GPS未定位,2020/2/25 13:56,2020/2/25 13:56
YXZ4121907200129,17.17,2,0,24700,4000,118.827377,36.738072,GPS未定位,2020/1/31 21:04,2020/1/31 21:04
YXZ4121907200142,17.17,2,0,24300,3900,118.828003,36.738572,GPS已定位,2020/2/3 8:03,2020/2/3 8:03
YXZ4121809272980,16.17,2,0,400,3600,114.043173,34.728691,GPS已定位,2020/1/17 21:25,2020/1/17 21:25
YXZ4121907200101,17.17,2,0,24800,4000,118.827454,36.738253,GPS已定位,2020/2/7 13:59,2020/2/7 13:59
YXZ4121809272723,17.17,2,0,25300,4000,120.009668,37.011899,GPS已定位,2020/2/4 10:28,2020/2/4 10:29
YXZ4121809272766,15.16,2,26.8,0,0,113.642688,32.408365,GPS已定位,2020/2/25 6:05,2020/2/25 6:05
YXZ4121907200039,16.16,2,0,0,0,118.826919,36.738129,GPS已定位,2020/2/28 12:29,2020/2/28 12:29
YXZ4121809272949,16.17,2,0,24200,3900,120.809892,37.766757,GPS已定位,2020/1/20 9:28,2020/1/20 9:29
YXZ4121907200245,16.16,2,0,0,0,118.827558,36.738926,GPS已定位,2020/2/28 10:53,2020/2/28 10:53
YXZ4121809272149,15.16,2,27.5,0,0,118.857014,36.658441,GPS未定位,2020/1/27 5:59,2020/1/27 5:58
YXZ4121809272096,15.16,2,0,0,0,87.478658,43.825297,GPS已定位,2019/11/6 7:36,2019/11/6 7:36
YXZ4121809272018,15.16,2,0,0,0,110.952045,35.100542,GPS已定位,2020/2/18 12:15,2020/2/18 12:15
YXZ4121907200019,16.16,2,0,0,0,118.827558,36.738536,GPS已定位,2020/2/28 14:58,2020/2/28 14:58
YXZ4121907200229,16.16,2,0,0,0,116.35819,32.772048,GPS已定位,2020/1/20 15:53,2020/1/20 15:53
tsjh705718080014,2.2,1,14.3,,,0,0,GPS未定位,2018/10/16 8:12,2018/10/16 8:12
YXZ4121907200053,17.17,2,0,24600,4000,118.827014,36.738471,GPS已定位,2020/1/22 4:34,2020/1/22 4:34
YXZ4121907200349,17.17,2,0,24400,4000,118.827846,36.738505,GPS已定位,2020/1/28 8:52,2020/1/28 8:52
YXZ4121809272811,15.16,2,27.4,0,0,0.024089,0.012726,GPS未定位,2020/1/22 16:48,2020/1/22 16:47
YXZ4121907200018,16.17,2,0,24800,4000,118.828477,36.739806,GPS未定位,2020/2/13 23:00,2020/2/13 23:00
YXZ4121907200345,16.16,2,0,0,0,118.82741,36.73841,GPS已定位,2020/2/28 13:41,2020/2/28 13:41
tsjh705718120048,2.2,1,14.4,,,116.82132,35.7527,GPS已定位,2020/1/21 16:28,2020/1/21 16:28
YXZ4121809272601,15.16,2,26.9,0,0,112.994845,33.867023,GPS已定位,2019/12/13 14:56,2019/12/13 14:56
YXZ4121809272459,15.16,2,0,0,0,126.565504,45.917743,GPS已定位,2020/2/18 12:38,2020/2/18 12:38
YXZ4121907200402,16.16,2,0,0,0,115.752465,39.203619,GPS已定位,2020/1/18 15:53,2020/1/18 15:53
YXZ4121809272666,15.16,2,24.9,0,0,115.040262,40.560252,GPS已定位,2019/9/9 10:26,2019/9/9 10:26
YXZ4121907200244,16.16,2,0,0,0,118.8349,36.738017,GPS已定位,2020/2/28 10:36,2020/2/28 10:36
YXZ4121907200262,17.17,2,0,24900,4100,118.827326,36.738291,GPS已定位,2020/1/19 16:17,2020/1/19 16:17
YXZ4121907200220,16.16,2,0,0,0,118.827281,36.738405,GPS已定位,2020/2/28 13:28,2020/2/28 13:28
YXZ4121809272373,15.16,2,25.8,0,0,100.103518,23.916654,GPS已定位,2020/1/8 16:51,2020/1/8 16:51
YXZ4121809272508,15.16,2,0,0,0,113.357988,33.751513,GPS已定位,2020/1/19 22:00,2020/1/19 22:00
YXZ4121809272664,15.16,2,26.5,0,0,121.410748,30.748491,GPS已定位,2020/1/21 12:26,2020/1/21 12:26
YXZ4121907200171,17.17,2,0,24700,4000,118.827387,36.73872,GPS已定位,2020/1/23 21:12,2020/1/23 21:12
YXZ4121809272960,17.17,2,0,25100,4000,117.241804,33.391754,GPS已定位,2020/2/8 18:50,2020/2/8 18:50
YXZ4121907200149,16.16,2,0,0,0,118.828342,36.740259,GPS已定位,2020/1/20 14:43,2020/1/20 14:43
YXZ4121907200013,17.17,2,25.9,25200,3800,115.745599,39.208996,GPS未定位,2020/2/28 15:39,2020/2/28 15:40
YXZ4121907200031,16.16,2,0,0,0,118.82775,36.738815,GPS已定位,2020/2/28 15:07,2020/2/28 15:08
YXZ4121907200378,16.16,2,0,0,0,118.827085,36.738838,GPS已定位,2020/2/28 13:05,2020/2/28 13:06
YXZ4121907200079,16.17,2,0,24600,4000,118.827534,36.738724,GPS已定位,2020/1/18 21:40,2020/1/18 21:41
YXZ4121809272201,15.16,2,26.4,0,0,114.479237,30.403294,GPS已定位,2020/2/24 5:53,2020/2/24 5:53
YXZ4121907200233,16.16,2,0,0,0,118.826666,36.738596,GPS已定位,2020/1/20 12:16,2020/1/20 12:16
YXZ4121907200161,16.16,2,0,0,0,118.827279,36.738717,GPS已定位,2020/2/28 14:07,2020/2/28 14:07
YXZ4121907200147,16.16,2,0,0,0,115.752446,39.20373,GPS已定位,2020/1/19 4:56,2020/1/19 4:56
YXZ4121809272552,17.17,2,0,24600,3900,112.965968,33.991707,GPS已定位,2020/1/30 20:16,2020/1/30 20:16
YXZ4121809272912,15.16,2,26.8,0,0,113.330974,33.604779,GPS已定位,2020/2/25 6:35,2020/2/25 6:35
YXZ4121809272341,15.16,2,25.2,0,0,116.03717,32.926852,GPS已定位,2020/2/13 15:27,2020/2/13 15:27
tsjh705719020010,2.2,1,0,,,116.299183,40.081273,GPS已定位,2019/2/25 15:25,2019/2/25 15:25
YXZ4121907200099,16.17,2,0,24900,4000,113.681711,36.572071,GPS未定位,2020/1/19 17:53,2020/1/19 17:53
YXZ4121907200339,16.17,2,0,24500,4000,118.827409,36.738977,GPS未定位,2020/1/19 2:48,2020/1/19 2:48
YXZ4121907200211,16.17,2,0,24200,3900,118.827443,36.738067,GPS未定位,2020/1/19 4:31,2020/1/19 4:32
YXZ4121907200288,17.17,2,0,24900,4100,118.826671,36.738354,GPS已定位,2020/2/24 20:59,2020/2/24 21:00
tsjh605718000043,2.2,1,14.3,,,120.65909,28.051486,GPS已定位,2020/1/18 10:58,2020/1/18 10:58
YXZ4121907200025,16.16,2,0,0,0,118.828413,36.740015,GPS已定位,2020/1/20 16:13,2020/1/20 16:13
tsjh705719020006,2.2,1,0,,,116.299208,40.081286,GPS已定位,2019/2/25 15:06,2019/2/25 15:06
YXZ4121907200172,16.17,2,28.7,25800,4000,118.827784,36.739551,GPS未定位,2020/1/20 14:44,2020/1/20 14:44
YXZ4121809272230,15.16,2,27.3,0,0,112.257306,30.199274,GPS已定位,2020/1/18 16:55,2020/1/18 16:55
YXZ4121809272779,16.17,2,0,24700,4000,113.197722,31.190516,GPS已定位,2020/1/18 11:51,2020/1/18 11:51
YXZ4121907200048,16.17,2,0,24500,4000,118.827,36.738428,GPS已定位,2020/1/19 21:53,2020/1/19 21:54
YXZ4121809272142,17.17,2,0,24700,4000,119.742184,34.322476,GPS已定位,2020/1/21 10:03,2020/1/21 10:03
YXZ4121809272363,16.17,2,0,24400,3900,118.827767,36.738539,GPS已定位,2020/1/20 21:39,2020/1/20 21:39
YXZ4121809272981,17.17,2,0,24500,4000,121.45614,32.06376,GPS已定位,2020/1/25 20:53,2020/1/25 20:53
YXZ4121907200181,17.17,2,0,24400,4000,118.826754,36.73846,GPS已定位,2020/1/26 7:41,2020/1/26 7:41
YXZ4121907200102,16.16,2,0,0,0,111.421485,30.548615,GPS已定位,2020/1/12 21:23,2020/1/12 21:23
YXZ4121809272961,17.17,2,0,24400,4000,114.620854,31.27332,GPS已定位,2020/2/14 7:27,2020/2/14 7:27
YXZ4121809272274,15.16,2,0,0,0,87.47871,43.825385,GPS已定位,2019/10/12 0:16,2019/10/12 0:15
YXZ4121809272978,17.17,2,0,24500,4000,118.547907,36.540739,GPS已定位,2020/1/22 4:09,2020/1/22 4:09
YXZ4121809272239,16.17,2,28.6,24800,3900,120.433365,37.586961,GPS已定位,2020/2/28 15:40,2020/2/28 15:40
YXZ4121809272220,15.15,2,0,0,0,117.715625,39.062259,GPS已定位,2018/9/28 16:48,2018/9/28 16:48
YXZ4121809272765,16.17,2,28.5,25300,4000,113.458086,24.316047,GPS已定位,2020/1/18 8:43,2020/1/18 8:44
YXZ4121809272507,17.17,2,0,24700,3900,119.951197,36.214484,GPS已定位,2020/2/4 16:34,2020/2/4 16:34
YXZ4121809272063,15.16,2,0,0,0,112.999629,34.436839,GPS已定位,2020/1/2 18:08,2020/1/2 18:08
YXZ4121809272857,15.16,2,0,0,0,115.265284,30.116732,GPS已定位,2020/2/28 11:42,2020/2/28 11:42
YXZ4121809272099,15.16,2,0,0,0,90.930327,29.676572,GPS已定位,2019/9/9 6:12,2019/9/9 6:12
YXZ4121907200074,17.17,2,0,24500,4000,118.827139,36.738909,GPS已定位,2020/1/27 11:01,2020/1/27 11:01
YXZ4121809272477,16.17,2,0,25100,4000,112.20701,35.18184,GPS已定位,2020/1/20 17:16,2020/1/20 17:16
YXZ4121809272606,17.17,2,0,24800,4000,119.490734,29.592743,GPS已定位,2020/2/25 4:00,2020/2/25 4:01
YXZ4121809272441,17.17,2,0,23600,4000,113.425023,32.353415,GPS已定位,2020/1/22 11:02,2020/1/22 11:02
YXZ4121907200490,16.16,2,0,0,0,109.444822,34.488238,GPS已定位,2020/2/28 10:45,2020/2/28 10:45
YXZ4121809272438,17.17,2,0,24500,4000,118.360188,32.018607,GPS已定位,2020/1/27 3:04,2020/1/27 3:04
tsjh605718000010,2.2,1,14.2,,,114.916873,40.703154,GPS已定位,2020/2/18 15:17,2020/2/18 15:17
YXZ4121809272111,16.17,2,0,24300,4000,113.358333,24.184772,GPS未定位,2020/1/26 2:28,2020/1/26 2:28
YXZ4121809272637,15.16,2,28,0,0,120.102943,36.036643,GPS已定位,2020/2/27 21:20,2020/2/27 21:20
YX14141809200108,14.14,2,26.6,0,0,119.984917,37.04881,GPS已定位,2019/2/19 12:37,2019/2/19 12:37
YXZ4121907200021,16.16,2,0,0,0,118.826771,36.738685,GPS已定位,2020/2/28 10:50,2020/2/28 10:50
YXZ4121809272864,15.16,2,26.5,0,0,116.897963,35.35441,GPS未定位,2020/2/20 17:43,2020/2/20 17:43
YXZ4121809272011,17.17,2,0,24600,4000,114.077021,30.625649,GPS已定位,2020/1/21 8:23,2020/1/21 8:24
YXZ4121809272929,17.17,2,0,25100,4000,114.076848,30.62557,GPS已定位,2020/2/5 18:05,2020/2/5 18:05
YXZ4121907200225,16.16,2,0,0,0,115.752617,39.203738,GPS已定位,2020/1/18 0:08,2020/1/18 0:08
tsjh605718000001,2.2,1,,,,,,,2019/9/23 10:40,2019/9/23 10:40
YXZ4121907200488,16.16,2,0,0,0,113.149347,33.317007,GPS已定位,2020/2/28 11:09,2020/2/28 11:09
tsjh705718070001,2.2,1,14.1,,,112.741158,36.684238,GPS已定位,2020/2/1 8:53,2020/2/1 8:53
YXZ4121907200076,17.17,2,0,24400,4000,118.827381,36.738724,GPS已定位,2020/1/25 2:45,2020/1/25 2:45
YXZ4121809272140,15.16,2,26.2,0,0,114.319567,30.67266,GPS已定位,2020/1/19 22:02,2020/1/19 22:03
YXZ4121907200356,16.16,2,0,0,0,119.293583,29.485191,GPS已定位,2020/1/20 15:39,2020/1/20 15:39
YXZ4121907200175,16.16,2,0,0,0,118.827947,36.738986,GPS已定位,2020/2/28 14:56,2020/2/28 14:56
YXZ4121907200254,16.17,2,0,24500,4000,118.826974,36.738301,GPS已定位,2020/1/20 22:03,2020/1/20 22:04
YXZ4121809272956,16.17,2,0,24600,4000,112.450214,33.020524,GPS已定位,2020/1/19 20:47,2020/1/19 20:47
YXZ4121907200029,16.16,2,0,0,0,118.827689,36.738831,GPS已定位,2020/2/28 14:00,2020/2/28 14:00
YXZ4121809272098,15.16,2,27.2,0,0,118.861434,36.587498,GPS已定位,2020/2/17 11:58,2020/2/17 11:58
YXZ4121809272965,17.17,2,0,24800,4000,115.392992,29.897947,GPS已定位,2020/1/21 9:25,2020/1/21 9:25
YXZ4121809272280,17.17,2,0,400,3600,112.327315,30.358813,GPS已定位,2020/1/25 1:19,2020/1/25 1:19
tsjh705718070002,2.2,1,11.5,,,117.140523,36.155065,GPS已定位,2019/6/14 10:16,2019/6/14 10:16
YXZ4121907200285,16.16,2,0,0,0,118.827244,36.738439,GPS已定位,2020/2/28 10:46,2020/2/28 10:46
tsjh705718100014,2.2,1,14.2,,,117.050033,36.093368,GPS已定位,2020/2/11 18:28,2020/2/11 18:28
tsjh705719020013,2.2,1,0,,,116.29922,40.081285,GPS已定位,2019/2/25 15:36,2019/2/25 15:36
YXZ4121907200313,17.17,2,0,24400,4000,115.409351,39.793289,GPS已定位,2020/1/24 19:22,2020/1/24 19:22
YXZ4121907200297,16.17,2,0,24200,3900,118.826977,36.738323,GPS未定位,2020/1/20 3:37,2020/1/20 3:37
YXZ4121907200282,16.16,2,0,0,0,112.370483,30.34302,GPS已定位,2020/2/28 15:32,2020/2/28 15:32
YXZ4121907200100,17.17,2,0,24500,4000,118.827391,36.738794,GPS已定位,2020/2/5 11:12,2020/2/5 11:13
YXZ4121809272269,15.16,2,0,0,0,79.416296,40.026326,GPS未定位,2019/12/30 6:45,2019/12/30 12:15
tsjh705718080018,2.2,1,13.2,,,112.084995,30.764236,GPS已定位,2020/1/3 17:22,2020/1/3 17:22
YXZ4121809272473,17.17,2,0,24700,4000,116.932037,35.37365,GPS已定位,2020/2/4 16:36,2020/2/4 16:36
YXZ4121809272085,17.17,2,0,24300,4000,117.7016,36.888201,GPS已定位,2020/2/28 15:38,2020/2/28 15:38
YXZ4121907200098,17.17,2,0,24000,4000,114.352877,29.811504,GPS已定位,2020/2/5 2:47,2020/2/5 2:47
YXZ4121907200246,16.16,2,0,0,0,118.826495,36.738146,GPS已定位,2020/2/28 9:55,2020/2/28 9:55
YXZ4121809272228,15.16,2,0,0,0,118.821724,36.659359,GPS未定位,2020/1/23 4:51,2020/1/23 4:50
YXZ4121907200279,16.16,2,0,0,0,118.827467,36.738638,GPS已定位,2020/1/20 15:34,2020/1/20 15:34
tsjh705719020015,2.2,1,0,,,116.299195,40.081266,GPS已定位,2019/2/25 15:58,2019/2/25 15:59
YXZ4121809272387,16.17,2,0,24100,3900,118.589738,40.563624,GPS已定位,2020/1/20 2:50,2020/1/20 2:50
YXZ4121809272863,17.17,2,0,400,3600,115.864842,32.848081,GPS已定位,2020/1/25 23:28,2020/1/25 23:28
YXZ4121809272994,17.17,2,0,24200,3900,117.788643,41.148491,GPS已定位,2020/2/21 10:10,2020/2/21 10:10
YXZ4121809272119,15.16,2,27.4,0,0,114.311115,30.281036,GPS已定位,2020/2/28 10:05,2020/2/28 10:05
tsjh705718120051,2.2,1,28.1,,,119.949441,29.4377,GPS未定位,2020/2/1 14:20,2020/2/1 14:20
YXZ4121907200089,17.17,2,0,24600,4000,118.827093,36.738989,GPS已定位,2020/1/23 16:53,2020/1/23 16:53
tsjh705719020012,2.2,1,0,,,116.299206,40.081276,GPS已定位,2019/2/25 15:34,2019/2/25 15:34
YXZ4121809272296,17.17,2,26,400,3600,114.946923,30.497841,GPS未定位,2020/1/25 20:06,2020/1/25 20:06
YXZ4121809272064,15.16,2,26.4,0,0,1.329743,0.510429,GPS未定位,2020/1/28 1:56,2020/1/28 1:55
YXZ4121809272294,17.17,2,0,24700,4000,118.666372,30.342204,GPS未定位,2020/2/9 16:09,2020/2/9 16:09
YXZ4121809272469,17.17,2,0,24200,3900,130.41554,44.714781,GPS已定位,2020/2/22 9:36,2020/2/22 9:36
tsjh605718000038,2.2,1,14.2,,,118.127834,37.146206,GPS已定位,2020/2/1 9:51,2020/2/1 9:51
YXZ4121809272530,16.17,2,25.6,25200,4000,120.995417,37.673377,GPS已定位,2020/1/17 21:36,2020/1/17 21:36
YXZ4121907200248,16.16,2,0,0,0,118.827902,36.738876,GPS已定位,2020/1/17 8:37,2020/1/17 8:37
YXZ4121809272940,16.17,2,28.4,25800,3900,112.015035,27.655406,GPS已定位,2020/1/20 13:08,2020/1/20 13:08
YXZ4121907200392,17.17,2,0,24400,4000,118.826972,36.738123,GPS已定位,2020/1/20 5:13,2020/1/20 5:14
YXZ4121809272741,15.16,2,0,0,0,0.000352,0.000183,GPS未定位,2020/1/21 0:12,2020/1/21 0:12
YXZ4121907200054,17.17,2,0,24500,4000,118.827101,36.738608,GPS已定位,2020/1/22 8:42,2020/1/22 8:42
YXZ4121907200237,16.16,2,0,0,0,118.827456,36.738194,GPS已定位,2020/2/28 12:32,2020/2/28 12:32
YXZ4121907200216,16.16,2,0,0,0,115.692108,39.444514,GPS已定位,2020/1/20 9:15,2020/1/20 9:15
tsjh605718000045,2.2,1,14,,,117.098995,37.502733,GPS已定位,2019/7/14 8:16,2019/7/21 8:16
YXZ4121809272544,15.16,2,27.5,0,0,118.89414,36.701002,GPS已定位,2020/1/29 20:31,2020/1/29 20:31
YXZ4121809272204,17.17,2,0,24500,4000,113.990565,30.617565,GPS已定位,2020/1/16 3:32,2020/1/16 3:33
YXZ4121809272869,17.17,2,0,24400,4000,119.803993,31.905292,GPS已定位,2020/1/21 1:06,2020/1/21 1:06
YXZ4121907200234,16.16,2,0,0,0,118.828041,36.738477,GPS已定位,2020/1/20 13:47,2020/1/20 13:47
YXZ4121907200242,16.16,2,0,0,0,118.826865,36.738383,GPS已定位,2020/1/20 15:42,2020/1/20 15:42
tsjh705719020009,2.2,1,0,,,116.299236,40.081266,GPS已定位,2019/2/25 15:18,2019/2/25 15:18
YXZ4121907200394,16.16,2,0,0,0,118.828017,36.738292,GPS已定位,2020/1/20 14:05,2020/1/20 14:05
tsjh705719020007,2.2,1,0,,,116.299288,40.081301,GPS已定位,2019/2/25 15:04,2019/2/25 15:04
YXZ4121907200312,17.17,2,0,24600,4000,108.783325,34.292641,GPS已定位,2020/1/20 11:43,2020/1/20 11:43
YXZ4121809272609,15.16,2,24.1,0,0,114.188311,30.513153,GPS已定位,2020/2/21 3:07,2020/2/21 3:07
YXZ4121907200178,17.17,2,0,24700,4000,118.826888,36.738361,GPS已定位,2020/1/18 23:56,2020/1/18 23:56
YXZ4121809272634,15.16,2,27,0,0,119.202094,29.379528,GPS已定位,2020/2/28 15:32,2020/2/28 15:32
YXZ4121809272392,15.16,2,26.4,0,0,117.431885,31.829132,GPS已定位,2020/2/23 15:33,2020/2/23 15:33
YXZ4121907200277,16.16,2,0,0,0,117.785352,40.959061,GPS已定位,2020/1/20 15:19,2020/1/20 15:19
YXZ4121809272573,17.17,2,0,24400,4000,118.547811,36.540766,GPS已定位,2020/1/18 1:49,2020/1/18 1:49
YXZ4121809272199,17.17,2,0,24600,4000,112.299564,30.245927,GPS已定位,2020/1/25 4:11,2020/1/25 4:11
YXZ4121809272332,16.16,2,0,0,0,116.223165,35.538966,GPS未定位,2020/1/11 21:28,2020/1/11 21:28
YXZ4121809272804,16.17,2,0,24300,3900,103.589696,36.181979,GPS未定位,2020/1/18 19:05,2020/1/18 19:05
YXZ4121809272124,15.16,2,0,0,0,80.243969,41.407613,GPS已定位,2019/12/24 16:26,2019/12/24 16:26
YXZ4121809272159,15.16,2,0,0,0,115.909972,29.713575,GPS已定位,2019/12/31 23:44,2019/12/31 23:44
YXZ4121809272025,15.16,2,0,0,0,76.015315,39.42052,GPS已定位,2019/12/31 15:18,2019/12/31 15:18
YXZ4121907200188,16.17,2,0,25000,4100,118.827218,36.738991,GPS未定位,2020/1/18 15:14,2020/1/18 15:15
YXZ4121907200195,16.17,2,28.2,25700,4000,113.383493,24.144138,GPS未定位,2020/1/17 20:19,2020/1/17 20:22
YXZ4121907200227,16.16,2,0,0,0,114.288707,30.275706,GPS已定位,2020/2/28 11:17,2020/2/28 11:17
YXZ4121809272262,15.16,2,0,0,0,90.963988,44.855004,GPS已定位,2020/1/3 5:30,2020/1/3 5:30
YXZ4121907200168,17.17,2,0,24400,4000,118.531304,36.646226,GPS已定位,2020/2/23 20:58,2020/2/23 20:58
YXZ4121907200373,16.16,2,0,0,0,115.752545,39.203644,GPS已定位,2020/1/20 6:12,2020/1/20 6:12
YXZ4121809272930,16.16,2,28.7,0,0,114.35703,29.804997,GPS已定位,2019/11/28 16:24,2019/11/28 16:24
tsjh705718100011,2.2,1,14.3,,,115.033058,38.157515,GPS已定位,2020/2/28 10:19,2020/2/28 10:19
YXZ4121907200016,17.17,2,0,24500,4100,118.82713,36.73854,GPS已定位,2020/1/18 14:50,2020/1/18 14:50
YXZ4121809272375,16.17,2,0,24600,4000,118.827607,36.739059,GPS未定位,2020/1/20 12:58,2020/1/20 12:58
YXZ4121907200128,16.16,2,0,0,0,116.083237,39.112428,GPS已定位,2020/2/28 11:48,2020/2/28 11:48
YXZ4121809272958,16.16,2,0,0,0,116.561979,32.816888,GPS已定位,2019/12/29 15:34,2019/12/29 15:34
YXZ4121809272995,17.17,2,0,600,4000,115.865105,32.848118,GPS已定位,2020/1/21 11:04,2020/1/21 11:04
YXZ4121809272613,15.16,2,0,0,0,121.149776,31.686926,GPS已定位,2020/1/15 18:43,2020/1/15 18:43
YXZ4121809272219,15.16,2,0,0,0,115.865013,32.847936,GPS已定位,2020/1/22 22:41,2020/1/22 22:41
YXZ4121809272691,16.17,2,0,23800,3900,112.450244,33.020445,GPS未定位,2020/1/26 5:21,2020/1/26 5:22
YXZ4121907200004,16.16,2,0,0,0,118.827446,36.738738,GPS已定位,2020/2/28 13:55,2020/2/28 13:55
YXZ4121907200311,17.17,2,0,24900,4000,118.828044,36.73796,GPS已定位,2020/1/21 15:34,2020/1/21 15:34
YXZ4121907200198,17.17,2,0,24200,3900,118.827774,36.738904,GPS已定位,2020/1/20 4:49,2020/1/20 4:49
YXZ4121907200141,17.17,2,0,24900,4000,114.000985,30.67822,GPS已定位,2020/1/21 18:47,2020/1/21 18:47
YXZ4121809272706,15.16,2,0,0,0,113.212108,40.092096,GPS已定位,2019/11/29 15:31,2019/11/29 15:32
YXZ4121907200111,16.17,2,0,24500,4000,118.827322,36.738043,GPS已定位,2020/1/19 5:29,2020/1/19 5:29
YXZ4121907200386,16.17,2,0,24500,4000,118.827462,36.738282,GPS未定位,2020/1/18 21:29,2020/1/18 21:29
YXZ4121907200166,16.16,2,0,0,0,118.827699,36.738063,GPS已定位,2020/2/28 10:18,2020/2/28 10:18
YXZ4121809272127,16.16,2,28.8,0,0,118.834828,36.738005,GPS未定位,2019/11/16 8:40,2019/11/16 8:39
YXZ4121809272937,16.17,2,0,24700,4000,110.157827,35.227888,GPS已定位,2020/1/20 12:51,2020/1/20 12:53
YXZ4121907200136,17.17,2,0,24700,4000,118.827137,36.738882,GPS已定位,2020/1/24 15:13,2020/1/24 15:13
YXZ4121907200169,17.17,2,0,24400,4000,118.826953,36.738638,GPS已定位,2020/1/27 3:15,2020/1/27 3:15
YXZ4121907200374,16.16,2,0,0,0,118.827109,36.738412,GPS已定位,2020/2/28 14:25,2020/2/28 14:25
YXZ4121907200082,17.17,2,0,24400,4000,118.827186,36.738845,GPS已定位,2020/2/6 14:07,2020/2/6 14:07
YXZ4121809272060,16.17,2,25.6,24700,4000,118.761912,36.369924,GPS未定位,2020/1/21 18:05,2020/1/21 18:05
YXZ4121809272480,17.17,2,0,24300,4000,118.09549,41.158953,GPS已定位,2020/1/28 9:45,2020/1/28 9:45
YXZ4121907200064,17.17,2,0,24500,4000,114.077107,30.625884,GPS已定位,2020/1/20 4:54,2020/1/20 4:54
YXZ4121809272983,17.17,2,0,25300,4000,108.062589,35.048464,GPS未定位,2020/2/28 14:29,2020/2/28 14:29
YXZ4121809272208,16.17,2,28.4,24900,4000,120.198243,30.485434,GPS未定位,2020/1/20 16:43,2020/1/20 16:44
YXZ4121907200210,17.17,2,0,24300,3900,118.827242,36.738866,GPS已定位,2020/1/22 6:53,2020/1/22 6:53
YXZ4121809272317,15.16,2,28.4,0,0,113.223875,29.122362,GPS已定位,2019/12/28 16:57,2019/12/28 16:57
YXZ4121809272767,15.16,2,0,0,0,87.473855,43.886501,GPS已定位,2019/10/27 16:30,2019/10/27 16:30
YXZ4121907200292,16.16,2,0,0,0,118.828125,36.738709,GPS已定位,2020/1/20 15:01,2020/1/20 15:01
YXZ4121907200159,16.16,2,0,0,0,118.82733,36.738342,GPS已定位,2020/2/28 15:15,2020/2/28 15:15
YXZ4121809272843,16.17,2,0,24200,3900,118.827229,36.738593,GPS已定位,2020/1/19 1:37,2020/1/19 1:37
YXZ4121907200342,17.17,2,0,400,3700,114.946896,30.497794,GPS已定位,2020/1/24 17:43,2020/1/24 17:43
YXZ4121809272338,16.17,2,0,24600,4000,118.73838,37.297345,GPS未定位,2020/1/25 18:21,2020/1/25 18:21
YXZ4121907200065,17.17,2,0,24900,4000,118.827545,36.738827,GPS已定位,2020/1/31 11:43,2020/1/31 11:43
YXZ4121809272874,16.17,2,0,24400,4000,118.827525,36.738609,GPS未定位,2020/1/19 6:05,2020/1/19 6:06
YXZ4121809272526,15.16,2,10.6,0,0,119.633693,41.405568,GPS已定位,2020/1/5 14:11,2020/1/5 14:11
YXZ4121907200124,16.17,2,0,25300,4100,118.827574,36.738028,GPS已定位,2020/1/19 12:34,2020/1/19 12:34
tsjh705718100016,2.2,1,14.3,,,102.096028,36.479943,GPS已定位,2019/11/22 9:26,2019/11/22 9:26
tsjh605718000005,2.2,1,14.1,,,114.427423,38.116744,GPS已定位,2019/11/29 12:56,2019/11/29 13:19
tsjh605718000032,2.2,1,14.3,,,112.463998,34.540608,GPS已定位,2020/2/17 10:57,2020/2/17 10:57
YXZ4121907200330,17.17,2,0,24400,4000,118.827952,36.738781,GPS已定位,2020/2/4 15:29,2020/2/4 15:29
tsjh705719020021,2.2,1,0,,,116.29924,40.081281,GPS已定位,2019/2/25 15:53,2019/2/25 15:53
YXZ4121809272271,16.16,2,0,0,0,114.615613,39.444917,GPS已定位,2020/1/22 1:12,2020/1/22 1:13
YXZ4121809272638,15.16,2,25.1,0,0,121.312213,37.558245,GPS已定位,2019/12/30 15:18,2019/12/30 15:18
YX14141809200146,14.16,2,26.1,0,0,119.169043,36.48733,GPS已定位,2020/2/22 14:57,2020/2/22 14:57
YXZ4121907200150,16.16,2,0,0,0,118.827518,36.738383,GPS已定位,2020/2/28 14:49,2020/2/28 14:49
YXZ4121907200023,16.16,2,0,0,0,109.052731,34.705222,GPS已定位,2020/2/28 13:06,2020/2/28 13:06
YXZ4121907200316,16.17,2,0,24300,3900,118.827013,36.738851,GPS已定位,2020/1/24 3:55,2020/1/24 3:55
YXZ4121907200307,16.16,2,0,0,0,120.114057,30.453301,GPS已定位,2020/2/28 14:39,2020/2/28 14:39
YXZ4121907200156,16.17,2,0,24600,4000,118.827711,36.738494,GPS已定位,2020/1/18 22:06,2020/1/18 22:06
YXZ4121809272449,17.17,2,22.9,23200,4000,117.813605,38.277679,GPS已定位,2020/2/28 15:40,2020/2/28 15:40
tsjh705718100009,2.2,1,14.5,,,123.963236,47.387691,GPS已定位,2019/12/1 11:13,2019/12/1 11:13
YXZ4121907200127,17.17,2,0,24600,4000,114.352781,29.811523,GPS已定位,2020/1/26 10:01,2020/1/26 10:01
YXZ4121809272343,15.16,2,0,0,0,116.561862,32.817138,GPS已定位,2020/1/18 15:29,2020/1/18 15:29
YXZ4121809272972,17.17,2,0,24400,4000,112.120766,30.219752,GPS已定位,2020/1/21 13:13,2020/1/21 13:13
YXZ4121907200380,16.16,2,0,0,0,115.752512,39.20363,GPS已定位,2020/1/20 12:19,2020/1/20 12:19
YXZ4121809272309,16.17,2,0,24400,4000,118.828081,36.738581,GPS已定位,2020/1/20 22:39,2020/1/20 22:40
tsjh705719020018,2.2,1,0,,,116.299215,40.081281,GPS已定位,2019/2/25 16:03,2019/2/25 16:03
YXZ4121907200293,17.17,2,0,24500,4000,118.827861,36.738063,GPS已定位,2020/1/24 20:11,2020/1/24 20:11
YXZ4121809272409,15.16,2,0,0,0,117.053167,33.626416,GPS未定位,2020/1/2 16:31,2020/1/2 16:31
YXZ4121809272198,15.16,2,25.9,0,0,90.964498,44.855393,GPS已定位,2019/12/22 12:12,2019/12/22 12:19
YXZ4121907200264,16.17,2,0,24600,4000,118.827497,36.738368,GPS未定位,2020/1/18 21:00,2020/1/18 21:00
YXZ4121907200489,16.16,2,0,0,0,118.827548,36.738985,GPS已定位,2020/1/20 15:44,2020/1/20 15:44
YXZ4121809272751,15.16,2,0,0,0,87.473763,43.886608,GPS已定位,2019/10/13 9:22,2019/10/13 9:22
YXZ4121809272827,15.16,2,26.6,0,0,111.817388,30.241626,GPS已定位,2020/2/21 18:03,2020/2/21 18:03
YXZ4121809272583,15.16,2,26.2,0,0,115.022216,39.423306,GPS未定位,2020/2/22 11:28,2020/2/22 11:28
YXZ4121809272887,15.16,2,0,0,0,93.554021,42.84632,GPS已定位,2019/12/30 18:58,2019/12/30 18:58
YXZ4121809272714,16.17,2,0,24600,4000,108.716044,30.940813,GPS未定位,2020/1/23 18:36,2020/1/23 18:37
YXZ4121907200272,17.17,2,0,24400,4000,118.827339,36.738239,GPS已定位,2020/2/3 4:34,2020/2/3 4:34
YXZ4121809272837,15.16,2,27,0,0,118.873847,36.781666,GPS未定位,2020/1/29 23:45,2020/1/29 23:45
YXZ4121809272950,16.17,2,0,24000,4100,114.076955,30.625457,GPS未定位,2020/1/24 23:46,2020/1/24 23:46
YXZ4121907200224,17.17,2,0,24500,4000,118.827312,36.738549,GPS已定位,2020/2/7 1:24,2020/2/7 1:25
tsjh705719020003,2.2,1,14.3,,,117.139646,36.154736,GPS已定位,2020/2/21 13:54,2020/2/21 13:54
YXZ4121907200403,16.16,2,0,0,0,118.828034,36.738387,GPS已定位,2020/1/20 16:05,2020/1/20 16:05
YXZ4121907200083,17.17,2,0,24800,4100,118.827801,36.738132,GPS已定位,2020/1/31 16:20,2020/1/31 16:20
YXZ4121809272061,15.16,2,0,0,0,103.293702,26.427314,GPS已定位,2020/1/11 21:49,2020/1/11 21:49
YXZ4121907200343,17.17,2,0,24700,4000,118.827371,36.738189,GPS已定位,2020/2/9 19:47,2020/2/9 19:47
YXZ4121809272370,16.16,2,28.5,0,0,114.356945,29.804952,GPS已定位,2019/12/31 11:24,2019/12/31 11:24
YXZ4121809272590,15.16,2,0,0,0,126.56554,45.917738,GPS已定位,2020/2/18 14:34,2020/2/18 14:34
YXZ4121907200212,17.17,2,0,24900,4100,114.076836,30.6257,GPS已定位,2020/1/20 19:39,2020/1/20 19:39
tsjh605718000041,2.2,1,0,,,114.315301,22.599611,GPS已定位,2020/1/17 17:05,2020/1/17 17:05
YXZ4121907200038,16.16,2,0,0,0,118.827964,36.739085,GPS已定位,2020/2/28 13:30,2020/2/28 13:30
YXZ4121907200243,16.16,2,0,0,0,118.834871,36.737969,GPS已定位,2020/2/28 10:35,2020/2/28 10:35
YXZ4121809272047,15.16,2,27.1,0,0,114.161885,32.792412,GPS已定位,2020/1/31 18:04,2020/1/31 18:04
tsjh705719020008,2.2,1,0,,,116.299193,40.08127,GPS已定位,2019/2/25 15:22,2019/2/25 15:22
YXZ4121907200179,17.17,2,0,24400,4000,118.826806,36.738318,GPS已定位,2020/1/28 7:32,2020/1/28 7:32
YXZ4121907200337,16.17,2,0,25000,4000,122.230849,37.367481,GPS已定位,2020/1/22 16:26,2020/1/22 16:26
YXZ4121809272478,15.16,2,28.6,0,0,120.001395,31.972605,GPS已定位,2020/1/20 11:31,2020/1/20 11:30
YXZ4121907200183,16.17,2,0,24400,4000,118.827095,36.738939,GPS未定位,2020/1/18 10:12,2020/1/18 10:12
YXZ4121809272000,15.16,2,26.6,0,0,120.370585,31.961077,GPS已定位,2020/2/28 10:30,2020/2/28 10:30
YXZ4121809272755,16.17,2,0,24300,3900,118.82723,36.738621,GPS已定位,2020/1/23 5:01,2020/1/23 5:02
YXZ4121809272560,17.17,2,0,24600,4000,115.864998,32.848075,GPS已定位,2020/1/19 21:28,2020/1/19 21:28
YXZ4121809272971,16.17,2,0,25200,4000,118.827457,36.73959,GPS已定位,2020/1/18 16:13,2020/1/18 16:13
YXZ4121809272828,15.16,2,0,0,0,93.554052,42.846669,GPS已定位,2020/1/2 7:06,2020/1/2 7:05
YXZ4121907200340,17.17,2,0,24300,4000,118.827627,36.73882,GPS已定位,2020/1/30 22:08,2020/1/30 22:08
YXZ4121809272938,16.17,2,0,24400,4000,114.076807,30.625627,GPS已定位,2020/1/28 6:35,2020/1/28 6:35
YXZ4121809272821,15.16,2,28.3,0,0,106.729953,29.536397,GPS未定位,2020/1/30 13:24,2020/1/30 13:23
YXZ4121907200062,17.17,2,0,24800,4000,118.827324,36.740266,GPS已定位,2020/2/24 22:55,2020/2/24 22:55
YXZ4121907200144,17.17,2,0,400,3700,115.864874,32.848185,GPS已定位,2020/1/25 17:01,2020/1/25 17:01
YXZ4121809272911,17.17,2,26.8,24700,4000,115.761039,39.213747,GPS已定位,2020/2/16 16:56,2020/2/16 16:56
YXZ4121809272157,15.16,2,0,0,0,116.639164,33.465356,GPS已定位,2020/2/6 6:44,2020/2/6 6:44
YXZ4121809272976,17.17,2,0,24500,4000,109.444545,34.488674,GPS已定位,2020/2/22 16:45,2020/2/22 16:45
YXZ4121809272951,16.17,2,0,25200,4000,114.166278,30.613243,GPS已定位,2020/1/19 13:17,2020/1/19 13:17
YXZ4121907200270,17.17,2,0,24500,4000,118.828025,36.738493,GPS已定位,2020/1/27 7:45,2020/1/27 7:45
tsjh705718100005,2.2,1,14.3,,,110.760606,35.695313,GPS已定位,2020/1/23 15:51,2020/1/23 15:51
YXZ4121809272856,17.17,2,0,24500,3900,109.017605,34.728447,GPS已定位,2020/2/25 6:33,2020/2/25 6:34
YXZ4121809272534,15.16,2,26.9,0,0,115.032527,30.17669,GPS已定位,2020/2/19 19:04,2020/2/19 19:04
YXZ4121907200303,16.16,2,0,0,0,115.823938,39.060022,GPS已定位,2020/2/28 15:17,2020/2/28 15:17
YXZ4121907200154,17.17,2,0,24500,4000,118.826949,36.738713,GPS已定位,2020/1/24 5:22,2020/1/24 5:22
YXZ4121907200219,17.17,2,0,24400,4000,118.826825,36.738177,GPS已定位,2020/1/27 1:23,2020/1/27 1:23
tsjh605718000017,2.2,1,14.2,,,117.972763,27.584783,GPS已定位,2020/1/14 17:07,2020/1/14 17:08
tsjh705718120042,2.2,1,14.2,,,134.055163,47.675676,GPS已定位,2019/11/6 14:58,2019/11/6 14:59
YXZ4121809272987,16.16,2,0,0,0,114.039939,38.978247,GPS已定位,2019/12/29 19:49,2019/12/29 19:49
tsjh705718080020,2.2,1,0,,,0,0,GPS未定位,2018/8/27 14:33,2018/8/27 14:33
YXZ4121907200126,16.17,2,0,24400,4000,118.827113,36.738139,GPS未定位,2020/1/21 2:29,2020/1/21 2:29
YXZ4121809272539,16.16,2,28.8,0,0,113.824605,35.284785,GPS已定位,2020/1/17 15:32,2020/1/17 15:32
YXZ4121809272419,15.16,2,0,0,0,87.473905,43.886501,GPS未定位,2019/10/6 21:27,2019/10/6 21:27
YXZ4121907200069,17.17,2,0,24700,4000,114.004956,30.592748,GPS已定位,2020/1/20 1:46,2020/1/20 1:46
tsjh705718120056,2.2,1,14.2,,,127.188305,44.919573,GPS已定位,2020/2/25 11:21,2020/2/25 11:21
YXZ4121907200002,16.16,2,0,0,0,118.827476,36.738271,GPS已定位,2020/2/28 15:01,2020/2/28 15:01
